id,number
83397831,39894
83625213,39963
83625213,39963
83655310,40047
83655310,40047
83658957,40052
83658957,40052
83671214,40066
83671214,40066
83681260,40080
83681260,40080
83705958,40104
83705958,40104
83705958,40104
83734434,40152
83734434,40152
83734434,40152
83739137,40161
83739137,40161
83739137,40161
83742589,40167
83744253,40168
83744253,40168
83748194,40176
83757058,40186
83757058,40186
83762175,40196
83762175,40196
83763679,40203
83772462,40213
83772462,40213
83773725,40215
83773725,40215
83773725,40215
83776220,40219
83776220,40219
83802013,40233
83802013,40233
83802013,40233
83816101,40237
83816101,40237
83816101,40237
83826499,40243
83826499,40243
83888243,40259
83924136,40276
83924136,40276
83930022,40278
83930022,40278
83935141,40282
83935141,40282
83989668,40306
83989668,40306
83990973,40308
83990973,40308
84025598,40337
84025598,40337
84045706,40350
84045706,40350
84047190,40353
84047190,40353
84047941,40355
84047941,40355
84076517,40363
84076517,40363
84083784,40366
84083784,40366
84111799,40382
84111799,40382
84111799,40382
84168760,40411
84168760,40411
84168760,40411
84180446,40419
84180446,40419
84180446,40419
84181637,40420
84181637,40420
84210356,40437
84210356,40437
84376002,40588
84376002,40588
84405042,40595
84405042,40595
84444865,40617
84444865,40617
84444865,40617
84446858,40618
84462570,40652
84462570,40652
84462570,40652
84463320,40655
84469386,40662
84469386,40662
84502529,40668
84515064,40670
84519298,40677
84519298,40677
84519298,40677
84519298,40677
84536119,40680
84541577,40712
84541577,40712
84558526,40748
84558526,40748
84558526,40748
84579686,40799
84579686,40799
84579686,40799
84588575,40827
84588575,40827
84588575,40827
84588575,40827
84673912,40910
84673912,40910
84673912,40910
84682410,40912